<ImportExportXml version="8.1.0000.0359" SolutionPackageVersion="8.1" languagecode="1033" generatedBy="OnPremise" xmlns:xsi="http://www.w3.org/2001/XMLSchema-instance">
  <SolutionManifest>
    <UniqueName>ResourceScheduler</UniqueName>
    <LocalizedNames>
      <LocalizedName description="Resource Scheduler" languagecode="1033" />
    </LocalizedNames>
    <Descriptions />
    <Version>1.0.0.0</Version>
    <Managed>0</Managed>
    <Publisher>
      <UniqueName>xrmcom</UniqueName>
      <LocalizedNames>
        <LocalizedName description="xRM.com" languagecode="1033" />
      </LocalizedNames>
      <Descriptions />
      <EMailAddress xsi:nil="true"></EMailAddress>
      <SupportingWebsiteUrl xsi:nil="true"></SupportingWebsiteUrl>
      <CustomizationPrefix>xrm</CustomizationPrefix>
      <CustomizationOptionValuePrefix>16365</CustomizationOptionValuePrefix>
      <Addresses>
        <Address>
          <AddressNumber>1</AddressNumber>
          <AddressTypeCode>1</AddressTypeCode>
          <City xsi:nil="true"></City>
          <County xsi:nil="true"></County>
          <Country xsi:nil="true"></Country>
          <Fax xsi:nil="true"></Fax>
          <FreightTermsCode xsi:nil="true"></FreightTermsCode>
          <ImportSequenceNumber xsi:nil="true"></ImportSequenceNumber>
          <Latitude xsi:nil="true"></Latitude>
          <Line1 xsi:nil="true"></Line1>
          <Line2 xsi:nil="true"></Line2>
          <Line3 xsi:nil="true"></Line3>
          <Longitude xsi:nil="true"></Longitude>
          <Name xsi:nil="true"></Name>
          <PostalCode xsi:nil="true"></PostalCode>
          <PostOfficeBox xsi:nil="true"></PostOfficeBox>
          <PrimaryContactName xsi:nil="true"></PrimaryContactName>
          <ShippingMethodCode>1</ShippingMethodCode>
          <StateOrProvince xsi:nil="true"></StateOrProvince>
          <Telephone1 xsi:nil="true"></Telephone1>
          <Telephone2 xsi:nil="true"></Telephone2>
          <Telephone3 xsi:nil="true"></Telephone3>
          <TimeZoneRuleVersionNumber xsi:nil="true"></TimeZoneRuleVersionNumber>
          <UPSZone xsi:nil="true"></UPSZone>
          <UTCOffset xsi:nil="true"></UTCOffset>
          <UTCConversionTimeZoneCode xsi:nil="true"></UTCConversionTimeZoneCode>
        </Address>
        <Address>
          <AddressNumber>2</AddressNumber>
          <AddressTypeCode>1</AddressTypeCode>
          <City xsi:nil="true"></City>
          <County xsi:nil="true"></County>
          <Country xsi:nil="true"></Country>
          <Fax xsi:nil="true"></Fax>
          <FreightTermsCode xsi:nil="true"></FreightTermsCode>
          <ImportSequenceNumber xsi:nil="true"></ImportSequenceNumber>
          <Latitude xsi:nil="true"></Latitude>
          <Line1 xsi:nil="true"></Line1>
          <Line2 xsi:nil="true"></Line2>
          <Line3 xsi:nil="true"></Line3>
          <Longitude xsi:nil="true"></Longitude>
          <Name xsi:nil="true"></Name>
          <PostalCode xsi:nil="true"></PostalCode>
          <PostOfficeBox xsi:nil="true"></PostOfficeBox>
          <PrimaryContactName xsi:nil="true"></PrimaryContactName>
          <ShippingMethodCode>1</ShippingMethodCode>
          <StateOrProvince xsi:nil="true"></StateOrProvince>
          <Telephone1 xsi:nil="true"></Telephone1>
          <Telephone2 xsi:nil="true"></Telephone2>
          <Telephone3 xsi:nil="true"></Telephone3>
          <TimeZoneRuleVersionNumber xsi:nil="true"></TimeZoneRuleVersionNumber>
          <UPSZone xsi:nil="true"></UPSZone>
          <UTCOffset xsi:nil="true"></UTCOffset>
          <UTCConversionTimeZoneCode xsi:nil="true"></UTCConversionTimeZoneCode>
        </Address>
      </Addresses>
    </Publisher>
    <RootComponents>
      <RootComponent type="1" schemaName="contact" behavior="0" />
      <RootComponent type="1" schemaName="xrm_facility" behavior="0" />
      <RootComponent type="1" schemaName="xrm_resource" behavior="0" />
      <RootComponent type="1" schemaName="xrm_resourcescheduling" behavior="0" />
      <RootComponent type="29" id="{4ac0d23e-3668-4e1b-b59f-936206dcb928}" behavior="0" />
      <RootComponent type="29" id="{d9849933-ddc6-e611-80d6-00155dfe6c02}" behavior="0" />
      <RootComponent type="50" schemaName=":RibbonDiffXml" behavior="0" />
      <RootComponent type="60" id="{172b4578-48ce-4c26-b5f3-f03a139c5dd0}" behavior="0" />
      <RootComponent type="60" id="{304a0b1c-3866-431e-ae1d-7b2242de8211}" behavior="0" />
      <RootComponent type="60" id="{43ef3aca-496f-483c-ad16-ce41f85b7d83}" behavior="0" />
      <RootComponent type="60" id="{4d354141-0812-40c4-9e25-3986048f5bf4}" behavior="0" />
      <RootComponent type="60" id="{53b1a4a8-53c7-440c-a7bb-0933852390e8}" behavior="0" />
      <RootComponent type="60" id="{70ad8b15-e3f3-4d7d-9e4b-16cb4e51b484}" behavior="0" />
      <RootComponent type="60" id="{70ad8b15-e3f3-4d7d-9e4b-16cb4e51b484}" behavior="0" />
      <RootComponent type="60" id="{d5a4a5e6-93be-45aa-9566-664c4ad0f86e}" behavior="0" />
      <RootComponent type="60" id="{d84b8778-108e-4e1c-9018-dcca224dfd7f}" behavior="0" />
      <RootComponent type="60" id="{df7fcea3-1275-4d74-84bf-04ddc3fa7eb0}" behavior="0" />
      <RootComponent type="60" id="{e73a37d3-9a54-4680-9486-613eee2e053c}" behavior="0" />
      <RootComponent type="60" id="{f62cb4b3-1d10-4422-8bbb-289b3f30ba21}" behavior="0" />
      <RootComponent type="61" schemaName="xrm_/css/cupertino/images/uibgdiagonalsthick90eeeeee40x40.png" behavior="0" />
      <RootComponent type="61" schemaName="xrm_/css/cupertino/images/uibgglass100e4f1fb1x400.png" behavior="0" />
      <RootComponent type="61" schemaName="xrm_/css/cupertino/images/uibgglass503baae31x400.png" behavior="0" />
      <RootComponent type="61" schemaName="xrm_/css/cupertino/images/uibgglass80d7ebf91x400.png" behavior="0" />
      <RootComponent type="61" schemaName="xrm_/css/cupertino/images/uibghighlighthard100f2f5f71x100.png" behavior="0" />
      <RootComponent type="61" schemaName="xrm_/css/cupertino/images/uibghighlighthard700000001x100.png" behavior="0" />
      <RootComponent type="61" schemaName="xrm_/css/cupertino/images/uibghighlightsoft100deedf71x100.png" behavior="0" />
      <RootComponent type="61" schemaName="xrm_/css/cupertino/images/uibghighlightsoft25ffef8f1x100.png" behavior="0" />
      <RootComponent type="61" schemaName="xrm_/css/cupertino/images/uiicons2694e8256x240.png" behavior="0" />
      <RootComponent type="61" schemaName="xrm_/css/cupertino/images/uiicons2e83ff256x240.png" behavior="0" />
      <RootComponent type="61" schemaName="xrm_/css/cupertino/images/uiicons3d80b3256x240.png" behavior="0" />
      <RootComponent type="61" schemaName="xrm_/css/cupertino/images/uiicons72a7cf256x240.png" behavior="0" />
      <RootComponent type="61" schemaName="xrm_/css/cupertino/images/uiiconsffffff256x240.png" behavior="0" />
      <RootComponent type="61" schemaName="xrm_/css/cupertino/jqueryui.min.css" behavior="0" />
      <RootComponent type="61" schemaName="xrm_/css/fullcalendar.min.css" behavior="0" />
      <RootComponent type="61" schemaName="xrm_/css/fullcalendar.print.min.css" behavior="0" />
      <RootComponent type="61" schemaName="xrm_/css/scheduler.css" behavior="0" />
      <RootComponent type="61" schemaName="xrm_/css/scheduler.min.css" behavior="0" />
      <RootComponent type="61" schemaName="xrm_/html/calendar.html" behavior="0" />
      <RootComponent type="61" schemaName="xrm_/images/calendar.png" behavior="0" />
      <RootComponent type="61" schemaName="xrm_/images/calendar16.png" behavior="0" />
      <RootComponent type="61" schemaName="xrm_/images/calendar32.png" behavior="0" />
      <RootComponent type="61" schemaName="xrm_/images/hospitalbed16.png" behavior="0" />
      <RootComponent type="61" schemaName="xrm_/images/hospitalbed32.png" behavior="0" />
      <RootComponent type="61" schemaName="xrm_/images/hospitalbuildings16x16.png" behavior="0" />
      <RootComponent type="61" schemaName="xrm_/images/hospitalbuildings32x32x.png" behavior="0" />
      <RootComponent type="61" schemaName="xrm_/images/sleepingbedsilhouette16x16.png" behavior="0" />
      <RootComponent type="61" schemaName="xrm_/images/sleepingbedsilhouette32x32.png" behavior="0" />
      <RootComponent type="61" schemaName="xrm_/scripts/calendar.js" behavior="0" />
      <RootComponent type="61" schemaName="xrm_/scripts/fullcalendar.min.js" behavior="0" />
      <RootComponent type="61" schemaName="xrm_/scripts/gcal.min.js" behavior="0" />
      <RootComponent type="61" schemaName="xrm_/scripts/jquery.min.js" behavior="0" />
      <RootComponent type="61" schemaName="xrm_/scripts/jqueryui.min.js" behavior="0" />
      <RootComponent type="61" schemaName="xrm_/scripts/moment.min.js" behavior="0" />
      <RootComponent type="61" schemaName="xrm_/scripts/q.js" behavior="0" />
      <RootComponent type="61" schemaName="xrm_/scripts/scheduler.js" behavior="0" />
      <RootComponent type="61" schemaName="xrm_/scripts/SDK.REST.js" behavior="0" />
      <RootComponent type="62" behavior="0" />
      <RootComponent type="91" schemaName="xRM.ResourceScheduler.Plugins, Version=1.0.0.0, Culture=neutral, PublicKeyToken=ad3d682c2d04f34a" behavior="0" />
      <RootComponent type="92" id="{14d18092-e3c6-e611-80d1-00155dfe6e01}" behavior="0" />
      <RootComponent type="92" id="{4af682be-e3c6-e611-80d1-00155dfe6e01}" behavior="0" />
    </RootComponents>
    <MissingDependencies>
      <MissingDependency>
        <Required key="0" type="1" schemaName="msdyn_postconfig" displayName="Post Configuration" solution="ActivityFeedsCore (8.1.0.0)" />
        <Dependent key="1" type="62" id="{1f7d2fbf-45c4-e511-80c5-00155d02a790}" />
      </MissingDependency>
      <MissingDependency>
        <Required key="2" type="1" schemaName="msdyn_postruleconfig" displayName="Post Rule Configuration" solution="ActivityFeedsCore (8.1.0.0)" />
        <Dependent key="1" type="62" id="{1f7d2fbf-45c4-e511-80c5-00155d02a790}" />
      </MissingDependency>
      <MissingDependency>
        <Required key="3" type="61" schemaName="msdyn_/RecordWall.htm" displayName="msdyn_/RecordWall.htm" solution="ActivityFeedsCore (8.1.0.0)" />
        <Dependent key="4" type="60" displayName="Information" parentDisplayName="Contact" id="{894cc46a-b0cb-4ab0-8bf6-200544e46a2d}" />
      </MissingDependency>
      <MissingDependency>
        <Required key="5" type="61" schemaName="msdyn_/ActivityFeeds.Form.js" displayName="msdyn_/ActivityFeeds.Form.js" solution="ActivityFeedsCore (8.1.0.0)" />
        <Dependent key="4" type="60" displayName="Information" parentDisplayName="Contact" id="{894cc46a-b0cb-4ab0-8bf6-200544e46a2d}" />
      </MissingDependency>
      <MissingDependency>
        <Required key="6" type="61" schemaName="msdyn_/PersonalWall.htm" displayName="msdyn_/PersonalWall.htm" solution="ActivityFeedsCore (8.1.0.0)" />
        <Dependent key="1" type="62" id="{1f7d2fbf-45c4-e511-80c5-00155d02a790}" />
      </MissingDependency>
      <MissingDependency>
        <Required key="7" type="61" schemaName="dev1_/RWB2013/RibbonWorkbench.htm" displayName="dev1_/RWB2013/RibbonWorkbench.htm" solution="RibbonWorkbench2013 (2.0.1.3)" />
        <Dependent key="8" type="50" schemaName=":RibbonDiffXml" parentSchemaName="ribboncustomization" parentDisplayName="Application Ribbons" />
      </MissingDependency>
      <MissingDependency>
        <Required key="9" type="61" schemaName="msdyn_/Images/Wall_16.png" displayName="msdyn_/Images/Wall_16.png" solution="ActivityFeedsCore (8.1.0.0)" />
        <Dependent key="1" type="62" id="{1f7d2fbf-45c4-e511-80c5-00155d02a790}" />
      </MissingDependency>
    </MissingDependencies>
  </SolutionManifest>
</ImportExportXml>